amount,oldbalanceOrg,newbalanceOrig,oldbalanceDest,newbalanceDest
2880.17,10781.28,7623.72,123.76,2763.63
141.16,522.37,353.21,278.99,398.74
6169.55,8712.19,3675.43,137543.18,142743.8
1445.65,961.28,0.0,6.86,1168.78
6.34,11.84,5.25,9.28,16.83
17687.28,21350.55,4263.26,326.71,19111.17
2566.39,5854.06,3146.46,17.49,2400.37
3211.77,15760.34,12437.57,5080.33,8393.69
8.61,11.32,1.72,143.66,152.68
156.57,302.95,173.25,29979.89,30116.6
76.49,287.83,213.16,10246.75,10316.78
11394.49,31805.7,18770.16,482.45,12092.42
893.18,623.15,0.0,29577.62,30592.2
4468.71,5485.81,1010.33,8.24,3814.85
147.04,692.36,573.46,1623.09,1791.21
21.01,20.26,1.57,2114.27,2136.2
399.92,1342.9,948.79,40.7,438.97
4.83,19.64,15.01,4.69,8.83
4668.91,7911.35,2841.56,979.64,5741.75
800.29,3011.37,2175.27,773.13,1526.57
2496.86,3157.35,280.69,3603.75,5789.97
66.07,117.7,42.25,28.28,104.39
16920.52,32203.12,17034.08,19.61,16673.28
8417.68,41953.36,35159.83,127653.49,134656.18
2997.25,4392.7,970.47,9.49,2769.52
42287.07,38365.72,0.0,161699.42,161713.09
181.36,846.16,675.89,7478.18,7691.4
4.03,4.95,1.47,2758.78,2762.4
10.9,48.58,36.84,114.16,125.09
1270.85,4355.27,3196.2,38018.73,39414.39
2214.67,6856.35,4928.04,60516.89,62429.05
16441.89,63811.37,47347.18,7636.72,23667.48
51.03,192.23,136.09,6692.71,6746.87
76.26,76.06,6.83,616.9,704.81
186.05,929.8,727.23,6.4,203.92
14.96,70.89,56.16,161025.74,161038.19
8.75,39.68,31.27,3.23,11.36
196.63,648.94,463.36,632.3,817.21
20.95,59.76,41.78,154.24,174.25
1128.14,3286.56,2233.95,13869.62,15197.04
138.99,78.84,0.0,8898.02,9011.2
4885.88,13424.51,9316.14,2720.43,7219.69
1483.84,4907.0,3151.14,6.18,1485.54
45.21,156.62,118.51,36.79,74.52
4867.51,9708.87,5109.98,7.66,4843.12
3800.47,9960.16,5998.08,129151.31,132354.54
88.88,298.94,198.05,11.09,111.98
36.41,88.38,57.16,113450.28,113483.34
1264.53,6107.18,5024.18,9.39,1285.56
9.56,35.13,25.08,35758.16,35768.17
16.43,8.31,0.0,1511.61,1526.76
2.9,1.75,0.0,25565.07,25567.8
3236.73,11672.78,8020.99,2905.54,6155.89
1078.86,2542.77,1646.51,12800.11,14010.78
1550.74,6633.48,4869.05,8424.74,9946.13
3061.2,3913.96,1418.98,47.56,3097.61
169.06,95.05,0.0,79660.67,79836.21
454.26,1020.44,479.76,3229.58,3670.25
9.57,36.48,26.27,25.1,35.54
7.62,37.13,28.03,78.76,84.87
1113.9,4986.31,3728.94,956.77,2063.1
188.64,505.24,350.98,44360.03,44580.59
440.15,1830.0,1477.21,17401.02,17861.58
2657.1,2169.49,21.7,75.38,2718.03
822.6,2529.68,1722.9,5288.81,6200.92
396.32,1846.59,1430.71,2.77,382.13
416.91,952.11,538.29,105.54,516.99
41.91,202.03,157.15,27876.73,27913.53
3.59,5.36,1.84,14.34,17.39
38012.3,17456.23,0.0,132.6,244.77
18.75,53.65,36.95,2.75,23.24
107.42,492.26,363.67,3.51,109.56
5887.74,11191.16,5666.43,13.55,6936.01
22.32,91.53,70.77,8.34,27.77
4.59,5.79,1.84,594.09,598.21
34.21,131.88,91.0,54178.97,54215.08
38.18,114.79,80.73,6.9,38.28
1050.74,1352.91,240.46,38878.85,39931.02
408.83,1525.51,1191.57,4229.07,4576.34
3149.77,11691.64,9088.07,17.42,2740.58
1073.65,3027.11,1860.37,65.83,1144.68
105.37,159.59,48.52,23.01,131.29
4130.62,4524.36,96.07,16031.05,19685.88
12.22,58.75,47.85,7911.75,7922.85
3.33,11.49,7.51,77.36,80.4
6.11,25.31,19.06,4.94,10.17
1810.28,6582.84,4432.55,17.39,2164.9
173.62,734.87,584.57,2775.65,2962.62
11.61,14.29,3.12,7.35,17.15
247.0,675.86,445.09,993.39,1226.28
10.71,37.51,25.71,2303.58,2312.89
1432.08,1382.32,0.0,5246.36,6526.29
150.72,177.07,27.16,10.79,188.01
83.86,281.18,213.55,426.99,498.67
41.0,180.78,145.11,444.68,491.91
790.4,2744.17,2095.96,26585.16,27483.63
70.55,46.77,0.0,471.48,548.91
5.98,29.1,23.62,238.59,244.56
7.86,8.86,2.2,10.57,17.67
15632.06,24175.45,9455.22,5648.29,23349.91
9674.28,47281.62,39243.11,2484.15,13451.2
1476.4,5860.79,4101.6,7233.28,8724.63
29.75,140.26,112.71,3711.22,3735.59
16690.37,68927.7,49346.11,41279.53,55920.06
3007.18,10323.06,7096.08,42226.66,44699.87
1723.33,3068.37,1299.47,80.2,1582.83
155.13,305.76,152.15,20.22,175.87
31.51,150.07,116.2,72493.52,72529.49
6.47,28.29,21.34,6928.78,6935.65
9167.52,19414.12,12041.52,118273.07,127810.6
164.35,358.23,167.07,643.24,823.89
16.8,30.91,15.0,107438.83,107456.57
42.67,83.96,43.79,10.48,52.18
499.18,2182.92,1702.39,1797.24,2359.39
13.34,7.3,0.0,641.68,654.01
6060.38,14922.09,9162.26,2.8,7101.0
2506.58,11888.15,9508.07,22.69,2144.45
1763.7,5188.56,3732.83,14.71,1875.54
132.8,335.59,207.22,5.31,138.14
769.53,1466.47,804.83,92008.83,92755.51
521.59,434.28,0.0,111194.82,111701.75
942.58,1423.47,543.28,49476.35,50246.33
5.81,5.27,0.0,144017.43,144023.82
114.69,122.74,0.0,25268.31,25376.23
3.95,4.88,0.53,77187.42,77191.33
231.81,430.97,157.64,23.9,287.94
52.92,29.08,0.0,45.87,100.42
9.98,47.66,37.41,35693.61,35704.99
6.89,7.28,1.66,530.65,536.54
538.51,1197.74,745.23,7235.08,7726.59
12.62,56.26,44.31,1314.22,1325.47
11227.05,10997.52,0.0,78.42,13040.43
507.53,1358.26,783.39,62.38,627.07
61.67,265.28,209.62,10198.29,10268.2
554.6,1667.31,1057.45,946.76,1516.6
3.34,4.83,1.86,141.63,144.6
15169.36,57792.12,45619.89,2410.13,16833.15
208.67,744.12,572.64,275.7,488.57
3116.97,6638.64,3415.0,505.64,3022.88
5.72,4.05,0.0,4707.94,4713.98
217.01,116.19,0.0,418.89,666.7
225.06,948.46,767.82,93840.02,94049.38
12587.23,24507.44,11577.79,565.17,14057.62
466.64,522.62,0.0,106942.97,107406.54
192.75,546.15,386.67,30472.19,30626.7
30.05,139.54,106.65,49030.65,49058.1
53.74,28.92,0.0,12040.47,12094.81
294.73,221.83,0.0,2100.19,2421.43
141.2,335.59,219.9,952.74,1088.41
3.3,11.69,7.83,1174.04,1176.93
4612.97,12189.55,7618.21,24.93,3827.95
8651.14,39267.25,30963.52,28.74,9422.81
9.6,6.7,0.0,3.96,13.04
397.95,808.09,355.13,9908.65,10330.02
7.22,15.03,7.15,10.73,17.15
1153.04,2341.33,1036.38,1641.95,2912.46
34.16,92.05,63.02,12.39,44.42
1027.42,4168.86,3034.21,5.65,849.11
1887.39,3643.55,1885.99,962.5,2857.62
2745.8,10571.81,7422.38,40297.91,43297.91
7.17,8.31,1.51,136.48,144.89
10343.43,31270.9,22771.48,66936.69,79228.23
21.58,47.21,26.37,3.04,24.24
3.81,11.15,6.95,456.29,460.27
400.88,394.82,0.0,13.66,423.72
76.58,366.86,282.2,87.67,165.28
4760.5,21793.4,17917.83,3.53,4030.04
3921.63,16544.51,13129.3,4.01,4193.67
47.19,213.18,164.79,6911.56,6967.53
14416.01,16723.95,2969.27,3640.73,15904.73
37.27,103.12,63.16,26.89,61.36
280.2,540.95,208.91,54865.43,55098.23
27.21,122.26,93.31,5259.26,5285.41
12386.87,16752.86,4775.44,109.72,12405.78
11.96,17.82,5.66,240.85,252.13
4.07,14.61,9.87,67.91,71.94
136.44,122.8,0.0,25249.97,25402.94
20565.7,78060.25,55000.51,622.39,18834.75
8309.01,14179.93,6530.59,12.04,9178.45
2292.67,7965.22,5448.49,25.0,2586.64
8243.11,36506.01,29451.78,70.98,8581.61
8442.38,27380.76,18094.9,229.22,8047.95
289.95,422.48,88.28,1842.8,2183.38
46.68,33.67,0.0,109734.03,109778.17
2830.23,1983.32,0.0,48.48,2369.18
1048.33,943.13,0.0,100.73,996.46
78.49,244.04,177.8,3.54,94.32
6.36,13.15,6.84,163.71,169.18
2255.45,3595.15,1175.03,4563.53,6771.52
28.85,42.9,14.23,108409.75,108440.82
12472.96,59478.77,47804.53,9340.22,22180.61
23.78,24.6,0.0,9.95,35.19
8.21,15.37,6.63,48553.65,48561.36
4817.52,12629.84,7652.59,27597.22,32727.37
10.8,5.42,0.0,21.74,30.42
13.65,63.39,48.62,79044.93,79057.29
598.51,566.16,0.0,7009.98,7518.38
7122.82,25436.43,19542.24,14927.95,21923.31
15.93,53.05,36.88,424.34,438.01
44.39,183.81,135.45,24.72,69.95
2970.97,10194.13,7461.84,17857.12,20448.6
17093.23,67727.54,53090.6,518.98,17026.01
246.33,590.11,303.2,113747.21,113951.59
9.93,26.8,15.43,14.68,24.37
3.08,11.27,8.04,135.56,139.02
21.48,65.68,41.74,8875.21,8895.12
8.9,24.94,14.37,1473.06,1482.69
1210.67,1725.22,481.01,319.27,1494.1
8.14,13.52,6.21,6110.21,6117.48
259.04,547.41,273.99,8663.39,8902.07
1405.8,761.63,0.0,1556.65,2851.44
507.78,1207.57,661.17,90.93,647.94
16.41,8.41,0.0,2456.16,2470.61
3778.64,11496.77,7087.65,1094.08,5594.85
1700.48,6237.58,4364.55,17574.71,19402.72
2102.44,6369.7,4349.82,3597.65,5616.96
8.84,32.01,21.45,641.94,652.54
8.28,4.14,0.0,3.34,10.68
11476.57,8808.14,0.0,17.05,12700.55
97.34,354.62,240.02,110.23,198.65
40.79,167.77,134.49,2028.73,2070.23
220.8,823.51,578.47,16579.9,16761.35
1059.74,3691.66,2680.1,104767.12,105973.72
14773.78,54415.11,37460.28,1993.92,15976.72
35.8,137.05,95.82,8244.35,8281.36
11195.6,42092.08,29424.85,2529.69,15638.77
3.4,12.99,9.21,308.91,311.67
402.13,335.01,0.0,2222.62,2700.03
817.11,641.2,0.0,223.05,1048.39
7.05,14.98,8.19,399.43,407.27
9.61,27.62,19.49,61147.41,61156.92
118.16,464.58,330.79,1342.72,1475.81
16253.88,32608.29,15405.14,8.2,18736.3
580.79,1009.43,402.45,863.87,1417.17
12054.69,48417.87,37587.56,97329.98,110458.18
3786.69,6142.07,2181.14,8.17,4550.1
182.44,765.11,585.99,118546.48,118747.68
3174.39,4117.5,314.24,142065.55,145820.07
3.19,6.76,3.11,1297.05,1300.54
7.26,16.73,9.39,105.3,112.07
4745.05,8767.89,3437.39,2.99,5368.98
3538.13,1822.51,0.0,3.22,3776.76
22.06,34.41,15.87,194.23,212.17
322.77,651.81,312.17,14969.79,15250.27
635.33,1214.31,521.35,86345.22,86919.88
6698.58,27028.77,21527.74,14.92,7366.11
618.91,441.38,0.0,581.31,1273.78
111.4,250.68,137.62,677.89,803.86
78.86,52.74,0.0,178.28,243.49
125.58,588.71,466.94,1032.27,1136.36
960.43,3895.45,2941.9,71342.29,72225.67
6683.62,32881.59,25070.28,338.26,7506.42
161.59,742.62,592.94,12.37,196.08
25.29,48.59,26.65,4104.94,4133.97
22.87,82.61,64.25,3.84,24.03
2239.77,4209.63,2308.86,84226.76,86706.11
4226.46,19006.18,14355.61,84016.14,88480.59
7.01,16.46,9.6,7.49,15.7
4.95,10.85,6.5,1164.16,1169.65
572.44,2640.84,1969.25,17523.43,18102.42
10.13,43.21,31.91,450.5,461.78
4545.89,22042.39,18197.72,526.62,4723.89
44.39,35.48,0.0,117265.99,117315.46
9.92,15.82,4.51,34.32,45.36
10815.49,20050.4,8402.41,888.39,13240.58
12.06,29.06,14.85,9.63,20.45
35.25,92.68,63.4,75.7,115.87
10.83,19.62,7.6,31569.56,31578.96
7.69,31.2,24.81,7193.52,7202.05
3.29,4.95,1.87,2280.25,2284.11
4.48,16.28,11.35,9.51,13.16
13.09,56.72,42.53,31498.15,31511.9
4.39,14.12,10.6,72.18,76.85
555.74,1163.56,674.08,977.32,1603.12
1244.43,1674.39,291.29,35.45,1082.18
93.94,103.76,23.87,835.56,944.88
47.56,183.05,138.79,1317.56,1374.51
254.87,665.49,442.85,115.03,387.45
7151.26,5066.22,0.0,709.91,7660.74
5768.6,28423.49,21878.15,236.65,6316.79
4.02,14.15,10.84,5839.79,5843.09
43950.68,186988.9,0.0,1077.94,1093.27
22.89,56.58,31.93,42567.11,42586.06
25.65,123.11,102.0,4.69,28.52
464.56,649.39,160.04,3.64,401.19
115.16,153.52,46.0,21.63,147.2
4.23,19.06,14.27,10.02,14.41
78.46,354.07,266.27,884.35,969.06
303.01,831.94,493.31,24.57,274.8
6.79,7.24,0.73,3.24,9.68
4920.31,9218.07,3662.95,60.88,4796.52
4.34,16.9,12.33,736.0,740.52
11198.97,48233.56,37578.04,7022.02,16439.6
6.63,13.69,8.17,337.76,344.78
5389.32,4179.7,0.0,107996.88,113159.2
9171.7,32062.15,23802.48,24.39,10685.28
18327.1,70151.31,53293.42,776.41,18735.57
3707.94,8928.96,4586.92,44.04,3161.78
3026.91,9455.88,5823.66,19406.18,21952.9
882.14,4360.57,3604.16,21.44,816.88
3013.83,4829.64,1282.04,106682.45,109382.61
9.12,28.08,18.21,7206.02,7216.22
338.53,1099.99,761.65,1243.29,1611.93
278.11,826.26,497.57,949.4,1180.42
6112.86,26964.33,20328.96,146.52,7118.69
175.07,564.17,382.54,3.43,150.22
86.99,242.31,165.43,63982.28,64079.21
859.26,905.29,133.87,17056.91,17782.68
29.91,109.6,74.77,11.98,40.41
9.56,10.46,1.99,10.41,20.93
200.52,124.24,0.0,80.57,261.33
115.82,312.53,207.54,12022.48,12120.39
22.05,67.83,45.95,688.71,713.29
74.26,370.98,300.23,3627.54,3707.47
73.52,272.43,186.09,2.91,87.94
51.8,223.71,173.6,70315.68,70370.41
82.7,170.26,74.69,16.82,85.43
1302.04,3632.84,2281.5,90.73,1464.97
39.33,192.1,152.39,91003.77,91048.17
13901.07,33060.2,21048.59,8619.9,20206.04
10374.77,42876.92,33452.35,751.25,9614.18
206.07,590.79,354.46,36028.88,36249.59
52.21,78.72,20.66,5.33,63.62
336.61,1047.49,717.96,6.29,323.13
5636.65,8349.45,1790.59,14.98,6182.06
966.12,496.22,0.0,49.91,887.49
3787.75,5914.69,2714.67,6629.78,10332.69
328.49,449.75,107.34,950.13,1311.2
809.37,1755.64,849.52,294.86,1006.78
36.36,163.57,122.73,14890.42,14924.58
2026.45,4550.07,2854.87,89.01,2220.08
16.8,72.3,57.35,6.96,22.73
1412.59,4238.14,2874.69,213.67,1837.67
6288.46,3359.71,0.0,12463.06,19900.36
8.93,12.05,4.52,500.17,509.61
685.0,3213.16,2492.87,126579.68,127342.06
6.4,20.6,14.18,33436.4,33443.84
1865.79,8737.42,7129.12,16325.64,18342.08
5.81,11.01,5.0,13426.51,13432.96
12375.31,46092.22,35884.99,1623.54,11920.88
9.36,37.2,28.28,54865.87,54876.44
15213.25,74402.65,57409.34,1787.54,15628.95
3670.04,2135.21,0.0,163.68,3203.65
568.58,2720.69,2210.05,23.45,612.38
3113.86,7044.04,3482.4,20827.8,23601.36
3484.34,14881.5,10851.15,161.18,3059.94
13551.38,39992.94,25862.2,16316.56,30461.82
26.59,80.86,49.14,135000.13,135022.45
550.42,1165.35,670.81,218.28,853.96
6.39,27.02,21.73,115.37,122.96
696.1,1175.06,383.33,17.66,780.08
12.7,34.48,21.83,507.18,518.8
439.02,1326.19,914.13,3619.91,4069.91
47648.94,147793.67,0.0,84.83,466.41
180.16,472.44,323.65,568.11,757.02
299.97,1068.28,817.42,1000.05,1271.68
2631.5,7062.48,4763.98,56.13,2640.29
3616.28,12537.44,8240.72,3.52,3155.28
228.01,805.71,597.64,29.13,301.52
599.65,2214.2,1538.5,18669.49,19198.96
11862.37,49879.48,40297.47,57.9,11526.13
7.99,23.44,16.02,3.16,10.37
7.8,10.68,1.61,291.32,299.25
5.99,21.31,16.07,4950.2,4957.16
1013.1,858.13,0.0,10684.01,11560.7
117.62,174.7,41.72,257.98,358.7
2889.66,11745.63,9293.59,1466.22,3863.56
1142.62,2808.35,1869.95,9902.98,11086.44
54.75,150.08,85.13,48129.79,48186.78
8824.6,43622.52,35133.99,3099.18,13058.24
2598.76,4049.59,1286.72,5428.89,8376.88
31.03,18.25,0.0,8.05,34.14
72.08,72.16,8.15,277.26,361.18
46.06,73.71,28.39,47980.37,48032.5
11.23,42.3,30.28,15.93,27.82
10.28,41.03,31.6,82.23,91.88
12396.22,37742.77,23439.35,4710.73,18324.69
139.93,230.56,74.89,55426.53,55573.21
85.62,243.83,156.44,5.2,85.79
1933.66,1096.98,0.0,39160.03,40717.21
394.23,1406.65,993.57,30.68,439.49
12397.62,40470.03,26923.58,35221.57,47998.51
3049.44,1823.82,0.0,48126.64,50754.74
203.23,848.8,616.9,13770.81,14007.07
80.42,316.49,236.41,70402.36,70471.82
19529.55,36852.39,13922.01,106163.85,124030.23
1736.87,5834.48,3781.12,71471.01,73118.94
14196.52,45524.24,33992.6,768.48,16003.99
7.9,9.04,1.51,446.06,452.64
5737.64,7858.66,2060.84,8.65,6210.75
840.22,3003.31,2149.78,29.28,840.76
8.14,38.27,29.08,3554.68,3561.79
541.49,1674.98,1211.23,11.03,468.5
1306.19,3990.62,2620.44,86351.88,87612.27
3.04,10.37,6.79,33.03,36.0
162.21,402.7,208.26,7.15,145.83
4576.07,3403.56,0.0,36.15,4580.12
38.79,88.61,42.49,4.66,43.49
168.5,766.87,623.83,16.89,217.81
145.59,600.16,452.42,1745.03,1903.04
41.16,192.36,155.38,65.42,98.55
10572.14,12556.98,1534.93,18265.42,28739.74
3076.8,8543.69,6036.68,233.24,2721.25
7.35,23.01,16.43,6999.62,7007.0
21446.4,30982.86,11247.23,6576.33,26632.46
7426.43,10429.43,1768.41,12.1,8637.18
34.99,140.63,104.47,5.07,39.97
5074.94,17880.71,12383.11,28622.08,34407.32
7.08,24.16,16.58,6059.37,6066.69
21849.7,37176.03,16267.72,18.63,20963.87
1086.98,3022.31,2146.63,4817.02,5786.48
944.94,570.57,0.0,101.92,927.1
6.13,6.65,0.62,5.07,11.92
8719.36,24694.35,14435.87,33.66,10088.78
3.53,6.68,3.5,11090.6,11093.88
23.75,115.08,89.45,199.94,223.64
9.85,25.82,14.68,1089.51,1098.52
2953.99,2587.81,0.0,12.21,2913.38
16.18,9.39,0.0,7.53,26.1
9855.1,37091.25,25536.01,37.78,8465.76
998.67,1270.09,228.28,491.72,1407.1
3.76,5.06,1.29,30239.46,30243.51
2.85,6.86,3.69,12055.88,12058.51
4.33,7.31,3.43,15.81,19.41
634.81,2078.75,1364.57,5.97,608.89
3689.83,9909.47,5998.31,32.48,3982.65
23.27,23.31,0.0,32067.98,32095.76
5679.85,22897.37,16409.34,791.81,7362.59
4.55,10.99,6.23,19456.34,19461.0
3672.67,11931.6,8939.5,158.44,4238.53
11500.65,5954.35,0.0,1798.8,13627.85
2832.67,9401.07,6140.08,1885.71,4711.46
1455.47,2580.29,1050.91,2681.17,3944.89
5124.67,13963.03,8038.8,478.98,5177.62
3.9,7.17,3.45,37.77,41.6
16.71,83.27,66.53,302.88,322.84
8.37,12.88,3.3,123295.97,123304.7
254.88,1174.45,892.86,54.23,354.47
2223.18,10295.21,8180.96,7888.11,9896.69
788.48,1888.02,1250.1,88611.83,89264.37
5768.57,10775.77,4129.59,1378.58,8250.97
10.99,24.34,12.09,591.52,601.76
2021.49,10010.47,8030.09,10.27,2060.31
15.45,50.75,35.01,10785.3,10798.1
31.09,91.76,64.35,61475.94,61511.51
1618.32,1070.73,0.0,131601.4,132896.5
18431.99,79539.45,63590.65,24.98,21450.41
667.74,585.69,0.0,67549.07,68127.43
4.44,3.16,0.0,159.64,163.52
697.0,1210.59,551.93,2466.8,3254.63
3.98,10.51,6.03,31.82,35.62
7764.45,35163.64,27480.25,41.77,7048.47
1613.57,6543.6,5207.06,2461.53,4137.35
12.91,17.94,5.75,562.93,574.57
6.21,13.5,8.14,110016.06,110021.74
14.18,56.88,41.6,49.85,61.45
18402.55,52850.58,31419.75,42548.64,61241.3
168.52,216.58,30.33,430.62,574.16
3154.95,7200.38,3694.05,11.94,3592.33
835.2,2770.12,1814.03,37.73,956.79
469.52,2291.03,1769.55,11077.77,11507.0
10.04,34.92,24.6,24172.51,24182.69
13551.06,7763.11,0.0,4.2,13974.68
40.94,150.35,110.79,247.23,290.9
493.81,804.36,395.33,623.84,1101.63
1477.32,6470.24,4871.44,2357.52,3924.98
937.39,2088.04,1067.54,3486.97,4300.4
12904.74,18044.28,6565.66,25239.01,37994.15
10.34,26.94,14.72,55.0,63.66
263.8,434.85,218.27,9.31,319.65
103.16,161.05,48.15,21.14,120.23
193.93,597.24,366.97,81251.82,81454.86
7.95,31.43,24.09,1111.54,1119.46
9.09,38.7,28.11,30.27,37.64
33.2,76.01,38.47,15436.85,15464.24
42.2,33.79,0.0,1732.09,1770.32
127.88,342.45,191.36,154.56,291.39
664.4,1629.12,923.78,3.32,705.31
821.94,1139.54,319.28,14922.88,15642.22
110.64,501.49,383.08,7272.51,7382.65
107.67,525.82,421.95,48.58,150.52
19.27,14.12,0.0,50.49,70.29
541.72,2210.68,1759.48,53.86,559.76
47.15,160.58,115.73,4335.61,4390.23
3.76,6.3,2.08,69.13,72.85
117.4,394.25,255.93,82.6,196.55
193.87,209.17,0.0,171.2,380.84
20.7,16.82,0.0,130903.36,130926.38
469.71,2334.79,1851.66,428.84,886.82
442.28,1487.68,1032.0,172.63,545.73
1507.22,2471.09,1159.18,478.31,1735.39
926.61,2339.83,1382.96,7414.84,8277.28
964.78,4607.21,3695.39,45278.98,46333.52
46.8,115.8,60.72,147092.95,147142.63
3251.56,14801.1,11867.93,570.61,3546.09
380.81,1679.24,1247.41,429.05,734.37
131.99,270.41,117.47,102.87,242.39
760.6,2762.53,1930.17,14328.69,15108.88
69.82,242.43,180.58,3682.87,3760.3
274.42,1089.57,841.45,147.97,442.83
2059.77,4421.67,1973.74,815.63,2666.87
7923.8,5824.5,0.0,26.15,8688.13
10823.93,13742.89,4576.81,5619.12,16384.09
252.82,827.86,526.64,43.53,303.91
293.68,1171.18,844.97,127.1,403.98
3636.71,14191.24,10196.12,5.75,4065.18
46.07,144.04,104.23,30.53,71.0
5097.17,4492.71,0.0,23.19,4517.95
232.12,134.12,0.0,8851.78,9059.52
7.71,30.99,23.81,5648.5,5657.1
5.2,15.46,10.9,1011.9,1017.57
5313.14,21370.54,17096.77,192.02,5015.47
4.48,5.52,0.82,48220.73,48224.57
33.97,79.27,48.1,45474.95,45502.51
54.99,254.95,191.96,2061.5,2120.53
12.9,16.41,4.63,3779.81,3792.91
45.83,35.6,0.0,17343.23,17392.77
2173.8,7479.18,4905.01,7711.94,10066.82
3.1,9.84,6.16,32.26,35.79
30387.91,119588.52,0.0,690.19,5183.61
6056.77,27734.6,20639.98,14.45,6864.11
77.51,300.15,233.12,19994.04,20069.56
10.83,6.35,0.0,3602.36,3614.09
606.41,1614.11,1079.46,129314.59,129933.41
7.98,36.17,28.26,12.2,21.53
72.55,177.85,96.85,743.69,812.47
15151.62,73177.11,55935.0,7817.45,24119.55
21145.45,72659.91,55708.33,37826.52,59801.67
2832.58,2811.5,104.12,32447.38,35844.98
44.64,124.62,71.16,25.08,62.17
1324.76,4809.25,3437.16,133991.32,135368.07
1554.11,1234.21,0.0,132557.35,133945.13
89.17,182.88,97.67,115802.93,115905.8
869.57,3240.77,2432.92,2320.97,3292.98
2.99,3.61,0.68,25624.08,25627.26
17.84,36.88,19.44,6.27,23.97
306.68,1105.46,797.94,45.15,374.07
11.87,47.36,35.66,7.48,19.61
12.1,34.28,22.1,707.1,718.17
5047.96,24259.78,20164.9,110418.37,116111.3
19974.21,93159.49,76745.27,3431.93,23506.62
404.93,1065.15,681.09,434.32,799.91
5175.17,6320.1,348.07,16667.12,22182.51
20189.04,80315.88,57778.19,1157.13,17458.91
9.72,15.49,7.29,417.43,428.01
153.58,659.27,506.01,2758.96,2910.72
93.05,292.38,195.44,757.34,855.39
5.59,12.71,7.16,3155.8,3160.62
2435.66,7316.05,4687.91,18564.51,21212.81
134.83,390.69,229.04,439.92,586.79
185.66,865.42,709.73,261.19,464.79
10.55,15.45,4.83,1268.16,1278.57
13.85,64.77,50.85,57084.62,57099.25
9546.53,6119.66,0.0,285.09,10019.71
4.06,16.08,12.56,30492.83,30496.46
22.1,102.51,79.19,2413.4,2431.28
37.66,85.61,54.81,3.12,39.48
224.03,185.68,0.0,511.95,764.2
532.73,2195.38,1627.88,27.55,522.4
230.35,988.87,774.14,14.21,267.5
5.8,11.68,4.75,35.83,41.95
24.36,69.03,41.47,6881.64,6904.57
5389.97,22328.55,16853.34,2700.55,7013.77
844.12,1151.54,141.8,997.63,1818.45
936.68,3119.51,2059.15,631.41,1527.94
1132.1,2759.88,1791.72,196.56,1165.07
2607.45,3350.24,647.82,46734.92,49674.8
38532.32,120847.36,0.0,77419.71,77425.14
73.66,144.45,66.28,12195.42,12257.92
349.24,1643.15,1232.34,64.75,376.4
57.17,174.95,117.96,63101.82,63162.02
5433.34,15296.45,10781.6,22258.72,28671.93
209.17,503.03,295.59,10.64,256.12
2745.31,6322.5,3261.16,116.57,3335.55
5814.67,24310.25,18824.44,99.85,5775.31
255.47,906.6,699.45,8354.16,8659.28
9759.24,38857.44,29866.28,865.13,10096.06
535.99,1283.63,708.59,51.2,498.58
5724.26,9596.54,4820.2,34.42,6226.79
58.28,51.92,0.0,416.78,476.37
242.1,967.18,760.61,4127.91,4399.01
324.63,768.97,447.47,732.15,1072.51
6.99,19.51,13.52,48.01,55.9
98.2,256.5,173.66,2489.5,2581.57
10467.59,25542.18,14246.4,160819.1,170398.77
794.32,2841.72,2156.06,18.98,895.03
13.43,43.5,31.92,909.05,922.47
57.38,279.68,220.18,169.39,219.41
15.25,17.16,4.69,30.04,44.53
3.4,10.47,7.71,41374.27,41378.08
11466.03,8996.03,0.0,102280.62,115690.93
153.53,634.94,489.69,128.02,297.54
43.29,141.71,97.65,123.99,171.06
593.65,1441.21,730.38,7.46,675.11
2.9,11.92,9.1,2429.12,2431.67
33.19,84.55,50.35,3.64,37.89
1521.27,2319.99,543.61,637.98,2216.56
815.6,2141.97,1331.86,14.6,975.68
18699.53,15310.11,0.0,4427.1,19501.2
722.86,3282.06,2545.13,74459.53,75318.44
199.85,757.29,546.47,7.22,225.14
2573.17,10090.48,7072.15,14117.14,16198.77
9227.57,40926.3,33541.65,25241.61,34538.62
1783.38,7244.23,5174.84,18.88,1495.36
15817.96,38648.6,22845.24,69498.84,85971.0
3096.56,3201.42,0.0,2515.17,5551.79
6642.3,14481.15,7971.54,976.82,8342.93
7.59,35.7,28.84,4383.21,4391.04
1981.72,9454.6,7816.9,64.66,2273.39
142.71,564.48,396.36,3.59,138.81
394.62,560.34,146.17,351.62,802.57
979.38,1346.67,220.98,9670.26,10793.14
16786.6,74850.98,59469.03,66513.11,84343.43
19171.93,21829.57,4360.12,308.32,17668.25
36.38,113.82,79.83,49.41,92.94
2005.77,4416.97,2626.99,11.52,2272.21
2321.23,4315.28,1995.93,80052.48,82700.22
61.46,218.07,145.89,34.48,83.93
8.29,39.94,30.4,61192.72,61202.09
3.93,15.72,11.8,20.52,24.01
2969.32,7980.74,5191.05,3.32,2982.45
223.03,553.83,320.84,32.02,273.27
19338.66,88657.87,68450.84,614.42,19259.15
178.53,553.71,362.06,125.93,286.15
18056.35,49381.87,31068.4,58978.49,77036.15
110.41,394.47,304.96,1092.18,1193.75
3439.7,5390.67,2534.28,9.93,3608.3
5.83,4.59,0.0,2640.31,2645.23
403.09,1752.64,1309.85,196.06,584.37
3709.08,11990.26,7616.15,4761.68,8606.66
11184.84,13890.98,3424.09,15489.9,28869.3
4461.53,8214.64,3690.74,138838.39,143291.81
3.79,18.78,15.26,1545.51,1549.19
77.81,261.05,170.51,153.59,246.63
4.21,14.16,10.31,320.41,325.34
7.27,6.0,0.0,227.88,235.65
1185.3,5761.11,4729.87,386.03,1592.56
1667.91,7534.82,6130.27,3.78,1518.84
2874.07,8521.68,6043.5,41.29,3057.74
6562.38,12417.66,5777.96,142253.91,149692.95
2110.93,7686.42,5284.57,73729.61,76247.18
3669.62,15596.56,11194.07,4.62,3191.28
4.22,17.04,12.61,130012.99,130016.83
22.44,109.88,87.14,16506.27,16532.16
732.95,2467.0,1649.94,2.8,841.58
27056.06,14435.9,0.0,62824.42,69500.19
2.83,7.76,4.58,105246.61,105248.99
279.13,1164.93,856.95,2741.71,3043.87
1206.63,2044.08,823.19,15861.01,17052.71
3.55,5.47,2.6,105.41,108.78
100.71,378.85,290.14,1473.7,1564.37
8610.3,21525.09,13363.52,8493.44,16476.84
1146.55,4786.35,3437.45,1304.88,2467.85
23.08,26.46,2.1,77.53,97.49
5854.88,11772.02,5893.5,3433.05,9309.72
62.32,106.35,44.32,27518.35,27569.41
5884.65,21422.52,14878.85,26798.21,32472.51
40.06,156.91,119.68,11.63,59.06
551.63,1407.77,945.61,364.9,969.26
96.78,256.58,152.95,4.16,84.24
32.25,35.29,5.25,2865.31,2899.98
7934.84,29027.44,21646.16,39.01,7009.33
14.71,73.04,58.6,75652.31,75666.87
5.83,23.32,18.09,2442.59,2447.94
58.99,88.72,19.78,222.92,292.15
1734.98,5732.46,3756.69,8485.34,9911.11
3892.8,7113.34,2455.86,26.61,4512.61
21778.76,13846.82,0.0,7.43,23540.5
39.14,51.24,15.0,7.11,44.1
106.86,102.76,1.0,1653.84,1776.93
9.31,12.86,2.81,47932.74,47941.7
480.03,1958.63,1571.56,31.51,549.63
21551.92,39175.89,13366.27,11620.57,35654.11
1492.08,5829.08,4628.94,4.11,1368.7
576.47,2749.69,2165.96,132.52,610.36
92.88,286.46,187.31,3607.9,3714.46
10277.26,27587.66,15607.88,24070.83,33243.44
237.99,922.35,670.64,87125.91,87405.01
9.11,8.54,0.0,2859.13,2867.57
72.85,176.8,109.77,441.16,511.53
4.98,13.67,8.51,5.3,10.14
16.74,70.97,52.56,56.38,72.9
3.19,13.28,10.07,69858.7,69862.48
160.7,693.77,515.1,1655.51,1799.82
821.28,2989.81,2309.92,117.85,974.7
59.72,172.44,116.65,41.97,96.77
119.51,504.98,363.49,9.49,111.36
15258.37,67591.08,53410.29,10589.89,24559.06
2362.95,6290.6,3812.47,253.7,2666.18
353.44,1744.4,1388.15,80986.93,81355.5
35.19,156.13,114.79,402.75,434.61
8716.48,24380.98,16840.28,22073.7,32489.25
22.55,18.31,0.0,11.39,32.7
50.81,76.73,18.56,14.3,71.86
9716.53,38805.82,28443.33,54.89,7964.28
319.22,319.28,0.0,22.28,366.43
2166.49,5663.42,3588.01,126013.77,128009.94
553.74,1784.06,1249.96,19723.37,20285.28
973.55,4334.79,3191.87,125.53,1230.16
40.22,173.43,130.46,827.21,871.05
23.86,93.99,66.03,958.84,981.36
49.52,115.61,56.74,2163.1,2217.22
11.01,12.55,1.33,8.5,19.13
7106.96,24969.75,17550.4,126.32,5992.37
34.79,45.78,8.81,7.0,44.09
425.56,1287.71,804.42,66817.31,67317.23
3387.24,16641.69,13038.92,229.98,3053.11
3147.67,9368.71,6706.23,8080.33,11464.23
140.54,478.54,313.13,68124.39,68284.03
197.61,701.34,491.01,81.76,287.01
21000.8,88975.09,64866.87,7.14,20885.31
1177.77,2894.27,1751.96,109.77,1163.74
4153.66,11376.02,7264.37,4362.77,8007.78
9163.52,11838.11,1982.35,663.66,9447.06
3256.18,10634.88,7018.69,6.2,3446.4
14.39,26.35,14.39,5.88,19.2
428.18,1192.19,779.88,5974.03,6400.22
6.8,26.86,19.33,8973.21,8980.28
969.03,561.13,0.0,9.07,865.68
14737.42,44766.68,32908.11,17015.79,33176.23
274.4,351.37,102.78,121.65,410.17
133.85,235.2,103.23,5.76,144.53
3.75,2.46,0.0,106.96,110.68
15336.19,19363.2,6929.09,8393.61,22900.45
6.87,33.94,26.96,3690.66,3697.66
3.93,19.62,15.46,542.5,546.85
24.89,93.07,69.02,58.92,85.86
4.9,15.94,11.3,269.68,275.05
163.38,652.95,457.83,180.86,325.25
282.81,1282.4,1002.13,198.39,512.84
45.29,128.48,77.79,593.85,636.16
4.3,2.83,0.0,406.72,410.56
7.42,27.4,19.0,8.39,14.69
86.53,426.65,328.92,66.15,164.11
4.69,7.79,3.54,11.25,16.17
1456.38,3765.61,2218.44,2044.81,3700.02
17.52,37.24,18.44,284.57,302.52
41.21,93.02,52.76,4408.03,4455.18
94.36,353.5,248.81,7.13,103.63
115.52,254.47,147.87,120.78,243.04
2.76,13.07,10.33,19.76,22.03
7.45,30.2,21.29,7.49,15.45
6405.3,3999.54,0.0,13465.88,20121.53
2.75,11.5,9.14,11.48,13.95
263.36,1047.61,821.94,18.62,241.18
222.63,628.76,361.77,153.63,362.65
54.48,149.04,101.97,68.06,112.96
131.89,561.83,446.28,67373.4,67510.61
3057.13,7372.37,4077.04,143646.51,146759.82
5275.52,6423.37,600.26,283.27,6440.47
28.31,54.02,25.4,24.84,53.35
49.52,83.86,24.78,651.47,705.54
24.1,85.91,66.25,634.19,659.87
204.13,266.38,52.38,457.8,678.23
1273.25,4330.93,3003.46,3.4,1181.74
21.21,55.08,35.39,11.16,31.65
53.34,228.21,166.35,12.82,58.05
11771.79,31577.76,19556.97,130.24,12610.56
4.21,19.72,15.94,1617.55,1621.43
171.9,782.51,638.91,42458.35,42633.6
1642.58,2190.86,806.42,31.72,1951.25
10.53,37.78,25.58,13137.17,13148.47
4.16,6.1,2.36,32.73,36.5
9.43,39.65,28.68,3.89,13.38
10608.48,35652.49,26656.0,3457.99,14500.05
2.95,5.38,1.86,28.82,32.18
14.8,23.99,7.22,67252.21,67268.75
3.6,8.76,5.71,78246.04,78249.37
7.36,30.2,24.06,8.63,17.23
721.51,2945.73,2136.65,23.15,642.89
23.92,15.55,0.0,27.51,49.29
456.19,848.65,435.86,61440.44,61811.57
551.01,1323.98,706.57,6.41,515.82
5681.2,17811.24,11203.82,10539.11,16024.99
2.84,3.33,0.19,64.38,66.93
5885.96,11823.56,5019.64,1647.11,6385.57
714.85,3206.24,2474.27,19.11,594.0
11.76,31.1,18.02,19376.69,19390.44
2853.88,10983.57,8307.56,4352.44,7474.36
5999.45,16087.54,9403.64,3.43,6478.99
26.8,69.48,40.75,36.91,66.77
10605.66,34984.52,24061.41,459.37,11888.83
162.41,270.76,76.37,937.23,1071.15
620.68,1008.05,394.87,24342.68,25069.06
19184.27,95002.28,74902.94,191.83,18829.81
70.37,310.36,239.71,72786.7,72855.76
4098.74,15656.76,11950.66,22.94,4755.46
47.73,53.32,8.83,34024.73,34066.82
3615.27,2299.35,0.0,56800.18,60144.77
605.83,781.13,201.45,2679.96,3371.82
19.05,89.91,69.49,113864.21,113883.41
112.87,471.04,355.14,248.75,358.01
47.4,135.27,80.48,5955.76,6011.78
5.49,26.68,20.62,3.04,9.38
3.56,4.13,1.17,55.78,59.89
61.46,185.37,127.46,1380.3,1434.68
3.23,4.28,0.78,41575.71,41579.38
12.05,22.64,12.22,96972.47,96985.28
1856.87,8784.12,6924.7,1593.63,3592.76
1592.12,7016.88,5540.81,33342.09,34646.25
2094.82,2007.04,276.92,17882.12,20023.64
47.2,76.6,20.01,13499.58,13541.47
8185.95,25992.71,16400.86,9.26,9593.75
569.34,441.86,0.0,525.86,1109.24
8.45,25.14,17.7,571.84,580.69
9.91,31.02,19.17,15709.81,15718.7
1391.11,2517.01,1053.12,1715.02,3062.38
12.89,23.45,8.16,22435.05,22448.09
261.29,400.0,186.52,100806.32,101100.22
20454.75,96352.99,78569.87,1213.55,22581.29
2.82,6.34,3.32,16462.19,16464.57
3.16,9.9,6.23,1294.86,1297.96
20697.36,38436.77,20423.59,2651.1,21655.6
524.14,1919.39,1433.6,510.85,1043.15
8.52,8.15,0.0,104354.5,104362.92
8740.47,7188.05,0.0,21880.48,28950.92
40361.67,96212.78,0.0,10629.15,17256.77
338.93,1277.77,881.42,102.05,462.68
732.25,1239.34,455.83,566.55,1311.78
31.78,66.67,30.09,36026.09,36052.19
4.28,20.58,16.29,80839.07,80843.52
573.13,555.64,68.67,158427.15,159001.03
38.58,51.09,9.28,8766.75,8799.93
1066.98,2598.28,1487.99,8427.24,9281.66
5045.27,8927.33,3911.63,7.63,4720.75
3.2,10.95,8.04,10582.42,10585.98
579.07,2089.12,1444.22,123.24,617.31
21.79,62.51,37.93,36712.0,36737.66
7079.77,23012.0,16316.84,3.08,7203.07
26.66,65.33,34.11,79082.12,79111.54
663.1,2600.51,1971.96,557.07,1346.65
396.18,273.14,0.0,11.11,369.68
96.11,183.38,100.09,2020.27,2119.57
1210.26,4332.65,3125.05,5499.4,6632.52
1866.7,3702.42,2149.43,14440.35,15996.84
446.95,381.43,0.0,6126.16,6625.58
2504.39,5140.41,2340.41,1196.47,3212.09
18972.65,70231.56,50883.49,6.7,21778.46
118.33,124.12,0.0,36021.89,36154.16
279.01,1049.31,719.6,135597.94,135892.4
3.04,12.13,9.15,14158.59,14161.74
3513.11,11800.02,8864.29,3.98,4002.83
293.56,469.42,207.42,11077.56,11318.95
106.87,440.71,327.1,52.78,169.76
6.34,9.29,3.19,107269.76,107275.29
8159.25,37338.31,28575.24,5.47,6599.3
95.11,350.0,248.55,7.5,95.47
1265.51,944.37,0.0,19.99,1198.01
10.43,42.73,33.73,10772.36,10781.51
15583.17,43304.86,29056.14,3517.32,20414.69
13.54,34.35,21.47,8099.87,8113.73
16.38,39.19,20.68,133.32,152.45
6190.96,19995.78,13353.57,43275.13,50114.14
10029.09,37715.43,27104.92,368.27,11705.67
18.34,83.11,63.51,11.88,33.17
186.46,322.25,135.55,12609.61,12818.92
2001.1,6680.66,5048.06,920.5,2615.94
7370.87,26450.67,19961.0,1858.49,8302.04
82.39,291.38,220.84,187.98,267.13
285.2,775.32,539.86,6754.17,7020.21
2154.79,4868.97,2869.78,4.02,2491.01
1959.07,7700.53,5515.99,603.61,2581.64
3123.29,5778.22,3135.75,298.49,3891.44
459.16,659.46,271.67,10009.18,10447.62
29152.53,185051.69,0.0,50.63,58.73
9281.33,15817.7,7390.91,35.55,7726.9
6569.24,4267.04,0.0,91.67,6517.83
3579.14,2620.26,0.0,536.99,4690.41
6.68,24.23,18.15,27.35,33.9
17.11,83.48,62.97,5045.63,5064.33
2191.64,5580.13,3531.84,104.35,2174.03
3.35,3.89,0.93,280.56,284.35
18270.11,76394.17,58155.38,1253.29,20483.78
80.99,135.78,63.56,171.68,262.77
1761.31,8771.89,6968.56,6084.49,7871.51
8007.55,24300.42,16611.07,3707.63,12155.96
94.79,146.63,36.79,11216.98,11312.86
48.05,131.27,75.0,856.67,906.01
651.1,1308.2,601.61,154.72,855.09
507.2,2032.67,1583.15,24.84,455.12
108.01,105.44,0.0,332.2,451.81
611.54,2664.18,2100.24,40261.92,40838.04
12313.26,48674.51,34892.14,10.29,9922.85
182.87,800.26,651.83,29.06,222.44
15.97,72.3,55.29,4095.74,4112.44
81.03,124.3,49.0,1516.97,1605.32
94.35,268.38,174.75,64733.93,64847.09
8.85,38.27,30.05,3.74,12.45
11.77,25.87,14.74,42773.72,42787.72
1288.27,994.33,0.0,7945.72,9274.07
57.7,104.57,44.67,13776.0,13830.42
14677.71,23317.62,10142.38,175.1,15896.63
24.35,107.51,87.6,79.88,101.27
6.62,17.13,9.57,3.18,11.03
2395.96,8567.83,6179.24,15700.64,18040.11
7550.16,36463.77,28555.04,16.07,6088.31
33.22,61.34,28.27,32.7,67.98
16.76,65.79,48.23,56.95,71.16
14.47,8.72,0.0,38809.39,38821.48
298.3,288.91,48.48,64.52,305.97
184.15,226.21,39.61,293.69,506.05
28.08,53.52,25.42,10105.04,10127.88
4.08,9.44,6.02,49760.71,49764.85
207.15,548.24,320.72,16366.76,16573.03
15275.28,24501.41,10840.06,981.96,18768.73
965.53,770.46,0.0,2.78,1127.1
234.99,833.95,570.46,15.43,289.98
7.36,4.46,0.0,44.24,51.31
26.36,109.2,85.57,257.6,283.68
38.59,180.65,139.17,146.07,189.69
2652.43,9805.13,7677.93,779.36,3028.79
7261.9,23106.08,15201.79,252.73,6394.61
9088.6,31415.5,22454.79,7996.3,18618.07
19170.3,65849.97,44436.87,4.83,15566.77
18794.14,88194.76,70204.75,153585.08,171498.71
14428.95,69827.12,56257.7,28959.32,41627.63
5.19,12.56,6.66,108.27,112.6
9.39,30.77,23.11,213.75,224.92
42.11,173.18,136.34,109182.25,109218.73
393.89,198.79,0.0,80325.89,80709.06
6.51,18.69,11.93,205.39,211.27
5498.18,18902.43,14492.64,5.24,5484.0
699.81,2608.49,1887.64,142575.94,143350.46
358.27,773.7,432.84,3609.37,3990.53
12.03,22.02,9.36,5558.15,5570.53
26.56,35.05,4.17,55.73,82.4
11.51,34.65,23.41,22153.46,22163.28
5810.36,26941.86,21004.65,1251.75,6835.51
522.2,2366.56,1852.13,479.46,1086.31
2030.76,4304.9,2584.02,9444.82,11735.94
39.03,64.8,21.19,162.54,194.77
76.81,311.05,222.41,305.96,393.23
103.93,391.03,274.15,3553.17,3670.74
2540.55,7047.56,4052.15,3088.53,5935.94
2838.91,6389.35,3586.75,118544.73,121741.13
17.48,18.48,0.0,1327.91,1348.77
13014.89,52490.66,41202.37,92.84,10792.15
8.05,26.39,16.8,64.19,71.87
8648.13,18991.01,10064.22,967.01,11235.58
6.71,31.1,25.03,10.13,16.98
29.4,101.97,68.98,1753.01,1784.55
5532.01,25898.52,20175.12,198.9,5425.22
13.67,36.02,19.89,130.58,142.67
112.41,286.17,161.62,22.58,156.5
155.83,735.14,555.79,632.42,779.63
24.71,119.08,93.91,4.11,29.42
1623.28,7829.81,6195.29,2162.51,3619.45
5779.15,24185.96,17811.96,62.87,6921.45
7123.66,18384.94,12386.78,57283.64,63718.91
57.62,83.34,36.0,888.9,956.06
323.0,718.83,333.34,14566.21,14862.31
25.42,120.04,90.39,31668.49,31698.45
24.61,52.57,23.47,42993.96,43017.26
11.6,45.3,35.73,39219.95,39233.28
12838.08,59742.26,48088.87,32.46,13383.16
8037.71,39117.64,29788.94,76.44,6872.56
2969.74,14149.43,11667.35,6550.65,9277.61
286.85,859.91,578.63,1006.07,1322.85
224.86,610.15,399.56,2214.22,2454.15
319.8,1581.21,1212.82,4698.61,5000.0
340.06,503.9,161.38,9.55,308.17
135.78,182.47,58.08,17.31,170.95
8.9,43.03,34.04,3029.64,3038.98
8.42,30.32,23.21,2641.45,2650.48
14331.96,41754.27,26096.87,21845.45,36057.4
208.15,227.76,9.76,5606.04,5801.73
14455.78,40614.69,25576.58,26.69,13801.6
11.85,56.28,44.72,5.88,15.51
399.31,1282.99,916.54,200.59,670.78
17.63,40.92,26.35,161.42,178.11
38134.17,97787.08,0.0,12601.57,12627.93
3.56,15.98,12.54,4386.63,4389.99
7.93,36.54,28.62,39903.81,39911.28
10421.6,23973.81,14070.09,697.07,11892.43
49.1,158.9,100.22,65.08,117.53
647.53,1137.33,413.09,696.98,1424.86
178.6,451.84,302.12,29.09,177.1
99.89,148.78,44.57,5.29,120.13
326.03,942.76,618.73,662.83,1048.42
14.66,45.48,29.1,257.15,274.68
19879.32,40161.5,16327.66,3.87,16931.44
4293.13,7403.64,2690.97,7585.63,11855.92
2152.82,2539.5,72.43,3254.72,5785.61
184.72,208.35,23.44,6.12,209.97
10.76,39.83,29.61,6702.66,6711.53
10785.88,16150.46,4746.42,6.76,12390.26
58.7,60.51,0.0,807.73,874.38
4.27,21.33,17.53,2552.21,2556.96
59.24,98.91,39.59,657.76,714.91
3463.77,15698.56,12769.89,10111.86,13758.93
738.32,2393.14,1738.59,188.9,990.99
2339.16,8696.57,6000.12,28.29,2270.75
3438.25,10397.73,7448.08,572.77,4401.61
18.31,24.05,3.46,117.28,133.93
11092.78,47829.1,37301.63,14.35,9703.38
140.04,591.79,442.59,483.92,644.06
855.02,1772.96,777.61,24.92,824.99
2.78,10.95,7.86,479.75,482.04
20750.31,61082.3,37626.64,1840.53,25352.27
34.06,156.36,125.55,14826.53,14864.66
